type	original_name	file
forms	FRM_DragAndDrop社内備考	forms/FRM_DragAndDrop社内備考.txt
forms	M_会社マスタ	forms/M_会社マスタ.txt
forms	M_作成者マスタ	forms/M_作成者マスタ.txt
forms	M_備考マスタ	forms/M_備考マスタ.txt
forms	M_出荷先マスタ	forms/M_出荷先マスタ.txt
forms	M_担当者マスタ	forms/M_担当者マスタ.txt
forms	M_気付先マスタ	forms/M_気付先マスタ.txt
forms	M_用途マスタ	forms/M_用途マスタ.txt
forms	M_組織マスタ	forms/M_組織マスタ.txt
forms	M_編機マスタ	forms/M_編機マスタ.txt
forms	M_編機メーカマスタ	forms/M_編機メーカマスタ.txt
forms	M_編立工場マスタ	forms/M_編立工場マスタ.txt
forms	Wait	forms/Wait.txt
forms	fマスタメンテメニュー	forms/fマスタメンテメニュー.txt
forms	サンプル№入力	forms/サンプル№入力.txt
forms	ハンガー№入力	forms/ハンガー№入力.txt
forms	パスワード入力	forms/パスワード入力.txt
forms	ラベル印刷画面	forms/ラベル印刷画面.txt
forms	原糸編集	forms/原糸編集.txt
forms	目面写真	forms/目面写真.txt
forms	組織図一覧	forms/組織図一覧.txt
forms	設計一覧表	forms/設計一覧表.txt
forms	設計品質計画／確認表	forms/設計品質計画／確認表.txt
forms	設計書印刷	forms/設計書印刷.txt
forms	設計検索	forms/設計検索.txt
forms	設計組織図原糸品番検索	forms/設計組織図原糸品番検索.txt
forms	設計Ｂメンテ	forms/設計Ｂメンテ.txt
forms	設計Ｈメンテ	forms/設計Ｈメンテ.txt
forms	試編出荷データ修正一覧	forms/試編出荷データ修正一覧.txt
forms	試編出荷案内書メール送信確認	forms/試編出荷案内書メール送信確認.txt
forms	試編生機出荷案内書	forms/試編生機出荷案内書.txt
modules	modVBAXRef	modules/modVBAXRef.txt
modules	x	modules/x.txt
modules	フォーマット	modules/フォーマット.txt
modules	共通モジュール	modules/共通モジュール.txt
modules	暫定からルートの整合性	modules/暫定からルートの整合性.txt
queries	TEMP_設計Ｂ変換をすべてクリア	queries/TEMP_設計Ｂ変換をすべてクリア.txt
queries	TEMP_設計Ｈ変換をすべてクリア	queries/TEMP_設計Ｈ変換をすべてクリア.txt
queries	tool指定された組織図が使用されてるか調べるクエリ	queries/tool指定された組織図が使用されてるか調べるクエリ.txt
queries	機能選択特徴選択の初期化	queries/機能選択特徴選択の初期化.txt
queries	設計原糸一覧マスタ	queries/設計原糸一覧マスタ.txt
queries	試編出荷データワークの新規追加	queries/試編出荷データワークの新規追加.txt
reports	ラベル全部	reports/ラベル全部.txt
reports	ラベル右側	reports/ラベル右側.txt
reports	ラベル左側	reports/ラベル左側.txt
reports	丸編設計書	reports/丸編設計書.txt
reports	丸編設計書サブ	reports/丸編設計書サブ.txt
reports	丸編設計書サブ客先提出用	reports/丸編設計書サブ客先提出用.txt
reports	丸編設計書客先提出用	reports/丸編設計書客先提出用.txt
reports	丸編設計書生産課用	reports/丸編設計書生産課用.txt
reports	柄替報告書兼初反品質確認書	reports/柄替報告書兼初反品質確認書.txt
reports	設計品質計画／確認表	reports/設計品質計画／確認表.txt
reports	試編生機出荷案内書	reports/試編生機出荷案内書.txt
tables	Switchboard Items	tables/Switchboard Items.txt
tables	WK設計一覧表	tables/WK設計一覧表.txt
tables	WK設計品質計画	tables/WK設計品質計画.txt
tables	dbo_リストデータ	tables/dbo_リストデータ.txt
tables	tbl_xref_call	tables/tbl_xref_call.txt
tables	tbl_xref_param	tables/tbl_xref_param.txt
tables	tbl_xref_proc	tables/tbl_xref_proc.txt
tables	tbl_xref_ref	tables/tbl_xref_ref.txt
tables	tbl_xref_var	tables/tbl_xref_var.txt
tables	tbl_xref_var_use	tables/tbl_xref_var_use.txt
tables	wk設計一覧	tables/wk設計一覧.txt
tables	x設計原糸一覧マスタ	tables/x設計原糸一覧マスタ.txt
tables	メーカー商社マスタ	tables/メーカー商社マスタ.txt
tables	ラベル印刷設定	tables/ラベル印刷設定.txt
tables	休日データ	tables/休日データ.txt
tables	作成者マスタ	tables/作成者マスタ.txt
tables	備考マスタ	tables/備考マスタ.txt
tables	出荷先マスタ	tables/出荷先マスタ.txt
tables	原糸品番マスタ	tables/原糸品番マスタ.txt
tables	原糸品種マスタ	tables/原糸品種マスタ.txt
tables	商社マスタ	tables/商社マスタ.txt
tables	工場マスタ	tables/工場マスタ.txt
tables	担当者マスタ	tables/担当者マスタ.txt
tables	気付先マスタ	tables/気付先マスタ.txt
tables	生機品番マスタ	tables/生機品番マスタ.txt
tables	生産予定データ	tables/生産予定データ.txt
tables	生産編機データ	tables/生産編機データ.txt
tables	用途マスタ	tables/用途マスタ.txt
tables	組織マスタ	tables/組織マスタ.txt
tables	組織図マスタ	tables/組織図マスタ.txt
tables	組織図マスタ1	tables/組織図マスタ1.txt
tables	編機マスタ	tables/編機マスタ.txt
tables	編機メーカマスタ	tables/編機メーカマスタ.txt
tables	編立工場マスタ	tables/編立工場マスタ.txt
tables	編立進捗度計画	tables/編立進捗度計画.txt
tables	設計原糸マスタ	tables/設計原糸マスタ.txt
tables	設計機能マスタ	tables/設計機能マスタ.txt
tables	設計特徴マスタ	tables/設計特徴マスタ.txt
tables	設計Ｂ	tables/設計Ｂ.txt
tables	設計Ｂワーク	tables/設計Ｂワーク.txt
tables	設計Ｂ新規	tables/設計Ｂ新規.txt
tables	設計ＣＴマスタ	tables/設計ＣＴマスタ.txt
tables	設計Ｈ	tables/設計Ｈ.txt
tables	設計Ｈワーク	tables/設計Ｈワーク.txt
tables	設計Ｈワーク追加分	tables/設計Ｈワーク追加分.txt
tables	設計Ｈ新規	tables/設計Ｈ新規.txt
tables	設計Ｈ社内備考	tables/設計Ｈ社内備考.txt
tables	試編出荷データ	tables/試編出荷データ.txt
tables	試編出荷データワーク	tables/試編出荷データワーク.txt
